{"accounts":[{"password":"22","bio":"22","events":[],"username":"22","isRemembered":"true"},{"password":"janggo","bio":"i am a dog who loves to code!","events":[{"title":"Test"},{"title":"enter"}],"username":"I am m77659","isRemembered":"false"},{"password":"Gwapo123","bio":"I am achup","events":[{"title":"1153"}],"username":"AntonDaryl"},{"password":"asd","bio":"arfarf","username":"JanggoDaDog"},{"password":"user","bio":"I am achup","username":"user1"},{"password":"imnotafraidwithcats","bio":"arfarf","username":"Dogzrule"},{"password":"HAHA","bio":"asdasd","username":"JohnWeak35"},{"password":"bruh","bio":"asdasdasdasdasdasd","username":"NoWhitespacesAllowed"}]}