{"events":[{"date":"2025-04-20","lateMinutes":6,"dynamicCode":"false","code":null,"subtitle":"","startTime":"23:53","endTime":"23:58","title":"1153","created by":"AntonDaryl","attendance":[{"time out":"08:22 AM","time in ":"11:53 PM","username":"I am m77659","status":"On Time"}],"desc":""},{"date":"2025-04-21","lateMinutes":10,"dynamicCode":"false","code":"93T9N1A6","subtitle":"","startTime":"08:30","endTime":"09:00","title":"Test","created by":"I am m77659","attendance":[{"time out":"","time in ":"08:41 AM","username":"AntonDaryl","status":"Late"}],"desc":""},{"date":"2025-04-21","lateMinutes":null,"dynamicCode":"false","code":"DF6t2pw2","subtitle":"asd","startTime":"08:58","endTime":"09:00","title":"enter","created by":"I am m77659","attendance":[{"time out":"","time in ":"08:58","username":"AntonDaryl"}],"desc":""}]}